{"cameraMode":{"drawMode":0,"name":"Shaded","section":"Shading Mode"},"sceneLighting":false,"audioPlay":false,"sceneViewState":{"showFog":true,"showMaterialUpdate":false,"showSkybox":false,"showFlares":true,"showImageEffects":true,"showParticleSystems":true},"in2DMode":false,"pivot":{"x":0.0,"y":15.100000381469727,"z":22.299999237060548},"rotation":{"x":0.0073020318523049358,"y":0.9860745668411255,"z":-0.15995082259178163,"w":0.045012131333351138},"size":3.3530285358428957,"orthographic":false}