{"cameraMode":{"drawMode":0,"name":"Shaded","section":"Shading Mode"},"sceneLighting":true,"audioPlay":false,"sceneViewState":{"showFog":true,"showMaterialUpdate":false,"showSkybox":true,"showFlares":true,"showImageEffects":true,"showParticleSystems":true},"in2DMode":false,"pivot":{"x":38.14995193481445,"y":-22.74549674987793,"z":16.15542984008789},"rotation":{"x":-0.060193173587322238,"y":0.9220539927482605,"z":-0.3473898768424988,"w":-0.15976710617542268},"size":30.407041549682618,"orthographic":false}