{"cameraMode":{"drawMode":0,"name":"Shaded","section":"Shading Mode"},"sceneLighting":false,"audioPlay":false,"sceneViewState":{"showFog":true,"showMaterialUpdate":false,"showSkybox":false,"showFlares":true,"showImageEffects":true,"showParticleSystems":true},"in2DMode":false,"pivot":{"x":0.0,"y":0.9019508361816406,"z":-0.08772353827953339},"rotation":{"x":-0.13668134808540345,"y":0.8253170251846314,"z":-0.2260245680809021,"w":-0.4990868866443634},"size":1.490576148033142,"orthographic":false}