{"cameraMode":{"drawMode":0,"name":"Shaded","section":"Shading Mode"},"sceneLighting":false,"audioPlay":false,"sceneViewState":{"showFog":true,"showMaterialUpdate":false,"showSkybox":false,"showFlares":true,"showImageEffects":true,"showParticleSystems":true},"in2DMode":false,"pivot":{"x":47.44374465942383,"y":1.220871090888977,"z":46.584678649902347},"rotation":{"x":-0.14976616203784944,"y":0.8416560888290405,"z":-0.29565197229385378,"w":-0.42635175585746767},"size":1.8967119455337525,"orthographic":false}