{"cameraMode":{"drawMode":0,"name":"Shaded","section":"Shading Mode"},"sceneLighting":false,"audioPlay":false,"sceneViewState":{"showFog":true,"showMaterialUpdate":false,"showSkybox":false,"showFlares":true,"showImageEffects":true,"showParticleSystems":true},"in2DMode":false,"pivot":{"x":-0.0000021457672119140627,"y":14.915817260742188,"z":22.218976974487306},"rotation":{"x":0.02527446113526821,"y":0.9457796216011047,"z":-0.3147963285446167,"w":0.0759345218539238},"size":5.520150661468506,"orthographic":false}