{"cameraMode":{"drawMode":0,"name":"Shaded","section":"Shading Mode"},"sceneLighting":false,"audioPlay":false,"sceneViewState":{"showFog":true,"showMaterialUpdate":false,"showSkybox":false,"showFlares":true,"showImageEffects":true,"showParticleSystems":true},"in2DMode":false,"pivot":{"x":0.0,"y":16.220001220703126,"z":22.1299991607666},"rotation":{"x":-0.0026359304320067169,"y":0.992672860622406,"z":0.022032126784324647,"w":0.1188059002161026},"size":4.364253044128418,"orthographic":false}