{"cameraMode":{"drawMode":0,"name":"Shaded","section":"Shading Mode"},"sceneLighting":true,"audioPlay":false,"sceneViewState":{"showFog":true,"showMaterialUpdate":false,"showSkybox":true,"showFlares":true,"showImageEffects":true,"showParticleSystems":true},"in2DMode":false,"pivot":{"x":0.1064673662185669,"y":1.243018627166748,"z":-0.0540766716003418},"rotation":{"x":0.023185817524790765,"y":-0.9737079739570618,"z":0.11592737585306168,"w":0.1947447657585144},"size":1.452709436416626,"orthographic":false}