{"cameraMode":{"drawMode":0,"name":"Shaded","section":"Shading Mode"},"sceneLighting":true,"audioPlay":false,"sceneViewState":{"showFog":true,"showMaterialUpdate":false,"showSkybox":true,"showFlares":true,"showImageEffects":true,"showParticleSystems":true},"in2DMode":false,"pivot":{"x":-0.18666911125183106,"y":0.5805290937423706,"z":0.11857572197914124},"rotation":{"x":0.10348162800073624,"y":-0.7255647778511047,"z":0.11188648641109467,"w":0.6710678339004517},"size":1.9145395755767823,"orthographic":false}