{"cameraMode":{"drawMode":0,"name":"Shaded","section":"Shading Mode"},"sceneLighting":true,"audioPlay":false,"sceneViewState":{"showFog":true,"showMaterialUpdate":false,"showSkybox":true,"showFlares":true,"showImageEffects":true,"showParticleSystems":true},"in2DMode":false,"pivot":{"x":-2.4236979484558107,"y":14.64694881439209,"z":15.94657039642334},"rotation":{"x":-0.05543167144060135,"y":0.9184870719909668,"z":-0.13910669088363648,"w":-0.36600351333618166},"size":7.584095001220703,"orthographic":false}