{"cameraMode":{"drawMode":0,"name":"Shaded","section":"Shading Mode"},"sceneLighting":true,"audioPlay":false,"sceneViewState":{"showFog":true,"showMaterialUpdate":false,"showSkybox":true,"showFlares":true,"showImageEffects":true,"showParticleSystems":true},"in2DMode":false,"pivot":{"x":-2.69732666015625,"y":0.7533819675445557,"z":0.5868278741836548},"rotation":{"x":0.05169626697897911,"y":-0.7218379974365234,"z":0.05424017459154129,"w":0.6879947781562805},"size":3.3443524837493898,"orthographic":false}