{"cameraMode":{"drawMode":0,"name":"Shaded","section":"Shading Mode"},"sceneLighting":true,"audioPlay":false,"sceneViewState":{"showFog":true,"showMaterialUpdate":false,"showSkybox":true,"showFlares":true,"showImageEffects":true,"showParticleSystems":true},"in2DMode":false,"pivot":{"x":-4.617692470550537,"y":0.9889453053474426,"z":0.44033461809158327},"rotation":{"x":0.03443363308906555,"y":-0.6956219673156738,"z":0.033415038138628009,"w":0.7168108820915222},"size":3.5037355422973635,"orthographic":false}