{"cameraMode":{"drawMode":0,"name":"Shaded","section":"Shading Mode"},"sceneLighting":true,"audioPlay":false,"sceneViewState":{"showFog":true,"showMaterialUpdate":false,"showSkybox":true,"showFlares":true,"showImageEffects":true,"showParticleSystems":true},"in2DMode":false,"pivot":{"x":-0.068359375,"y":0.9627685546875,"z":-0.466064453125},"rotation":{"x":0.09786329418420792,"y":-0.8028456568717957,"z":0.13740064203739167,"w":0.5718238353729248},"size":1.915696382522583,"orthographic":true}