{"cameraMode":{"drawMode":0,"name":"Shaded","section":"Shading Mode"},"sceneLighting":true,"audioPlay":false,"sceneViewState":{"showFog":true,"showMaterialUpdate":false,"showSkybox":true,"showFlares":true,"showImageEffects":true,"showParticleSystems":true},"in2DMode":false,"pivot":{"x":0.13669943809509278,"y":1.3654448986053467,"z":0.08302964270114899},"rotation":{"x":-0.04703949764370918,"y":-0.6993987560272217,"z":0.04622746631503105,"w":-0.7116811871528626},"size":1.807911992073059,"orthographic":false}