{"cameraMode":{"drawMode":0,"name":"Shaded","section":"Shading Mode"},"sceneLighting":true,"audioPlay":false,"sceneViewState":{"showFog":true,"showMaterialUpdate":false,"showSkybox":true,"showFlares":true,"showImageEffects":true,"showParticleSystems":true},"in2DMode":false,"pivot":{"x":0.03602027893066406,"y":0.6394964456558228,"z":0.17436054348945619},"rotation":{"x":0.04530223086476326,"y":-0.7098597288131714,"z":0.04584970325231552,"w":0.7013933658599854},"size":1.5025285482406617,"orthographic":false}